{
    "$schema": "https://schema.management.azure.com/schemas/2019-04-01/deploymentTemplate.json#",
    "contentVersion": "1.0.0.0",
    "parameters": {
        "databaseAccounts_cosmosdbinstance12_name": {
            "defaultValue": "cosmosdbinstance12",
            "type": "String"
        }
    },
    "variables": {},
    "resources": [
        {
            "type": "Microsoft.DocumentDB/databaseAccounts",
            "apiVersion": "2025-05-01-preview",
            "name": "[parameters('databaseAccounts_cosmosdbinstance12_name')]",
            "location": "Central India",
            "tags": {
                "defaultExperience": "Core (SQL)",
                "hidden-workload-type": "Development/Testing",
                "hidden-cosmos-mmspecial": ""
            },
            "kind": "GlobalDocumentDB",
            "identity": {
                "type": "None"
            },
            "properties": {
                "publicNetworkAccess": "Enabled",
                "enableAutomaticFailover": true,
                "enableMultipleWriteLocations": false,
                "isVirtualNetworkFilterEnabled": false,
                "virtualNetworkRules": [],
                "disableKeyBasedMetadataWriteAccess": false,
                "enableFreeTier": false,
                "enableAnalyticalStorage": false,
                "analyticalStorageConfiguration": {
                    "schemaType": "WellDefined"
                },
                "databaseAccountOfferType": "Standard",
                "enableMaterializedViews": false,
                "capacityMode": "Serverless",
                "defaultIdentity": "FirstPartyIdentity",
                "networkAclBypass": "None",
                "disableLocalAuth": false,
                "enablePartitionMerge": false,
                "enablePerRegionPerPartitionAutoscale": false,
                "enableBurstCapacity": false,
                "enablePriorityBasedExecution": false,
                "defaultPriorityLevel": "High",
                "minimalTlsVersion": "Tls12",
                "consistencyPolicy": {
                    "defaultConsistencyLevel": "Session",
                    "maxIntervalInSeconds": 5,
                    "maxStalenessPrefix": 100
                },
                "locations": [
                    {
                        "locationName": "Central India",
                        "failoverPriority": 0,
                        "isZoneRedundant": false
                    }
                ],
                "cors": [],
                "capabilities": [],
                "ipRules": [],
                "backupPolicy": {
                    "type": "Periodic",
                    "periodicModeProperties": {
                        "backupIntervalInMinutes": 240,
                        "backupRetentionIntervalInHours": 8,
                        "backupStorageRedundancy": "Local"
                    }
                },
                "networkAclBypassResourceIds": [],
                "diagnosticLogSettings": {
                    "enableFullTextQuery": "None"
                },
                "capacity": {
                    "totalThroughputLimit": 4000
                }
            }
        },
        {
            "type": "Microsoft.DocumentDB/databaseAccounts/cassandraRoleDefinitions",
            "apiVersion": "2025-05-01-preview",
            "name": "[concat(parameters('databaseAccounts_cosmosdbinstance12_name'), '/00000000-0000-0000-0000-000000000003')]",
            "dependsOn": [
                "[resourceId('Microsoft.DocumentDB/databaseAccounts', parameters('databaseAccounts_cosmosdbinstance12_name'))]"
            ],
            "properties": {
                "roleName": "Cosmos DB Built-in Data Reader",
                "type": "BuiltInRole",
                "assignableScopes": [
                    "[resourceId('Microsoft.DocumentDB/databaseAccounts', parameters('databaseAccounts_cosmosdbinstance12_name'))]"
                ],
                "permissions": [
                    {
                        "dataActions": [
                            "Microsoft.DocumentDB/databaseAccounts/readMetadata",
                            "Microsoft.DocumentDB/databaseAccounts/throughputSettings/read",
                            "Microsoft.DocumentDB/databaseAccounts/cassandra/containers/executeQuery",
                            "Microsoft.DocumentDB/databaseAccounts/cassandra/containers/readChangeFeed",
                            "Microsoft.DocumentDB/databaseAccounts/cassandra/containers/entities/read"
                        ],
                        "notDataActions": []
                    }
                ]
            }
        },
        {
            "type": "Microsoft.DocumentDB/databaseAccounts/cassandraRoleDefinitions",
            "apiVersion": "2025-05-01-preview",
            "name": "[concat(parameters('databaseAccounts_cosmosdbinstance12_name'), '/00000000-0000-0000-0000-000000000004')]",
            "dependsOn": [
                "[resourceId('Microsoft.DocumentDB/databaseAccounts', parameters('databaseAccounts_cosmosdbinstance12_name'))]"
            ],
            "properties": {
                "roleName": "Cosmos DB Built-in Data Contributor",
                "type": "BuiltInRole",
                "assignableScopes": [
                    "[resourceId('Microsoft.DocumentDB/databaseAccounts', parameters('databaseAccounts_cosmosdbinstance12_name'))]"
                ],
                "permissions": [
                    {
                        "dataActions": [
                            "Microsoft.DocumentDB/databaseAccounts/readMetadata",
                            "Microsoft.DocumentDB/databaseAccounts/throughputSettings/read",
                            "Microsoft.DocumentDB/databaseAccounts/throughputSettings/write",
                            "Microsoft.DocumentDB/databaseAccounts/cassandra/*",
                            "Microsoft.DocumentDB/databaseAccounts/cassandra/write",
                            "Microsoft.DocumentDB/databaseAccounts/cassandra/delete",
                            "Microsoft.DocumentDB/databaseAccounts/cassandra/containers/*",
                            "Microsoft.DocumentDB/databaseAccounts/cassandra/containers/entities/*"
                        ],
                        "notDataActions": []
                    }
                ]
            }
        },
        {
            "type": "Microsoft.DocumentDB/databaseAccounts/gremlinRoleDefinitions",
            "apiVersion": "2025-05-01-preview",
            "name": "[concat(parameters('databaseAccounts_cosmosdbinstance12_name'), '/00000000-0000-0000-0000-000000000003')]",
            "dependsOn": [
                "[resourceId('Microsoft.DocumentDB/databaseAccounts', parameters('databaseAccounts_cosmosdbinstance12_name'))]"
            ],
            "properties": {
                "roleName": "Cosmos DB Built-in Data Reader",
                "type": "BuiltInRole",
                "assignableScopes": [
                    "[resourceId('Microsoft.DocumentDB/databaseAccounts', parameters('databaseAccounts_cosmosdbinstance12_name'))]"
                ],
                "permissions": [
                    {
                        "dataActions": [
                            "Microsoft.DocumentDB/databaseAccounts/readMetadata",
                            "Microsoft.DocumentDB/databaseAccounts/throughputSettings/read",
                            "Microsoft.DocumentDB/databaseAccounts/gremlin/containers/executeQuery",
                            "Microsoft.DocumentDB/databaseAccounts/gremlin/containers/readChangeFeed",
                            "Microsoft.DocumentDB/databaseAccounts/gremlin/containers/entities/read"
                        ],
                        "notDataActions": []
                    }
                ]
            }
        },
        {
            "type": "Microsoft.DocumentDB/databaseAccounts/gremlinRoleDefinitions",
            "apiVersion": "2025-05-01-preview",
            "name": "[concat(parameters('databaseAccounts_cosmosdbinstance12_name'), '/00000000-0000-0000-0000-000000000004')]",
            "dependsOn": [
                "[resourceId('Microsoft.DocumentDB/databaseAccounts', parameters('databaseAccounts_cosmosdbinstance12_name'))]"
            ],
            "properties": {
                "roleName": "Cosmos DB Built-in Data Contributor",
                "type": "BuiltInRole",
                "assignableScopes": [
                    "[resourceId('Microsoft.DocumentDB/databaseAccounts', parameters('databaseAccounts_cosmosdbinstance12_name'))]"
                ],
                "permissions": [
                    {
                        "dataActions": [
                            "Microsoft.DocumentDB/databaseAccounts/readMetadata",
                            "Microsoft.DocumentDB/databaseAccounts/throughputSettings/read",
                            "Microsoft.DocumentDB/databaseAccounts/throughputSettings/write",
                            "Microsoft.DocumentDB/databaseAccounts/gremlin/*",
                            "Microsoft.DocumentDB/databaseAccounts/gremlin/write",
                            "Microsoft.DocumentDB/databaseAccounts/gremlin/delete",
                            "Microsoft.DocumentDB/databaseAccounts/gremlin/containers/*",
                            "Microsoft.DocumentDB/databaseAccounts/gremlin/containers/entities/*"
                        ],
                        "notDataActions": []
                    }
                ]
            }
        },
        {
            "type": "Microsoft.DocumentDB/databaseAccounts/mongoMIRoleDefinitions",
            "apiVersion": "2025-05-01-preview",
            "name": "[concat(parameters('databaseAccounts_cosmosdbinstance12_name'), '/00000000-0000-0000-0000-000000000003')]",
            "dependsOn": [
                "[resourceId('Microsoft.DocumentDB/databaseAccounts', parameters('databaseAccounts_cosmosdbinstance12_name'))]"
            ],
            "properties": {
                "roleName": "Cosmos DB Built-in Data Reader",
                "type": "BuiltInRole",
                "assignableScopes": [
                    "[resourceId('Microsoft.DocumentDB/databaseAccounts', parameters('databaseAccounts_cosmosdbinstance12_name'))]"
                ],
                "permissions": [
                    {
                        "dataActions": [
                            "Microsoft.DocumentDB/databaseAccounts/readMetadata",
                            "Microsoft.DocumentDB/databaseAccounts/throughputSettings/read",
                            "Microsoft.DocumentDB/databaseAccounts/mongoMI/containers/executeQuery",
                            "Microsoft.DocumentDB/databaseAccounts/mongoMI/containers/readChangeFeed",
                            "Microsoft.DocumentDB/databaseAccounts/mongoMI/containers/entities/read"
                        ],
                        "notDataActions": []
                    }
                ]
            }
        },
        {
            "type": "Microsoft.DocumentDB/databaseAccounts/mongoMIRoleDefinitions",
            "apiVersion": "2025-05-01-preview",
            "name": "[concat(parameters('databaseAccounts_cosmosdbinstance12_name'), '/00000000-0000-0000-0000-000000000004')]",
            "dependsOn": [
                "[resourceId('Microsoft.DocumentDB/databaseAccounts', parameters('databaseAccounts_cosmosdbinstance12_name'))]"
            ],
            "properties": {
                "roleName": "Cosmos DB Built-in Data Contributor",
                "type": "BuiltInRole",
                "assignableScopes": [
                    "[resourceId('Microsoft.DocumentDB/databaseAccounts', parameters('databaseAccounts_cosmosdbinstance12_name'))]"
                ],
                "permissions": [
                    {
                        "dataActions": [
                            "Microsoft.DocumentDB/databaseAccounts/readMetadata",
                            "Microsoft.DocumentDB/databaseAccounts/throughputSettings/read",
                            "Microsoft.DocumentDB/databaseAccounts/throughputSettings/write",
                            "Microsoft.DocumentDB/databaseAccounts/mongoMI/*",
                            "Microsoft.DocumentDB/databaseAccounts/mongoMI/write",
                            "Microsoft.DocumentDB/databaseAccounts/mongoMI/delete",
                            "Microsoft.DocumentDB/databaseAccounts/mongoMI/containers/*",
                            "Microsoft.DocumentDB/databaseAccounts/mongoMI/containers/entities/*"
                        ],
                        "notDataActions": []
                    }
                ]
            }
        },
        {
            "type": "Microsoft.DocumentDB/databaseAccounts/sqlRoleDefinitions",
            "apiVersion": "2025-05-01-preview",
            "name": "[concat(parameters('databaseAccounts_cosmosdbinstance12_name'), '/00000000-0000-0000-0000-000000000001')]",
            "dependsOn": [
                "[resourceId('Microsoft.DocumentDB/databaseAccounts', parameters('databaseAccounts_cosmosdbinstance12_name'))]"
            ],
            "properties": {
                "roleName": "Cosmos DB Built-in Data Reader",
                "type": "BuiltInRole",
                "assignableScopes": [
                    "[resourceId('Microsoft.DocumentDB/databaseAccounts', parameters('databaseAccounts_cosmosdbinstance12_name'))]"
                ],
                "permissions": [
                    {
                        "dataActions": [
                            "Microsoft.DocumentDB/databaseAccounts/readMetadata",
                            "Microsoft.DocumentDB/databaseAccounts/sqlDatabases/containers/executeQuery",
                            "Microsoft.DocumentDB/databaseAccounts/sqlDatabases/containers/readChangeFeed",
                            "Microsoft.DocumentDB/databaseAccounts/sqlDatabases/containers/items/read"
                        ],
                        "notDataActions": []
                    }
                ]
            }
        },
        {
            "type": "Microsoft.DocumentDB/databaseAccounts/sqlRoleDefinitions",
            "apiVersion": "2025-05-01-preview",
            "name": "[concat(parameters('databaseAccounts_cosmosdbinstance12_name'), '/00000000-0000-0000-0000-000000000002')]",
            "dependsOn": [
                "[resourceId('Microsoft.DocumentDB/databaseAccounts', parameters('databaseAccounts_cosmosdbinstance12_name'))]"
            ],
            "properties": {
                "roleName": "Cosmos DB Built-in Data Contributor",
                "type": "BuiltInRole",
                "assignableScopes": [
                    "[resourceId('Microsoft.DocumentDB/databaseAccounts', parameters('databaseAccounts_cosmosdbinstance12_name'))]"
                ],
                "permissions": [
                    {
                        "dataActions": [
                            "Microsoft.DocumentDB/databaseAccounts/readMetadata",
                            "Microsoft.DocumentDB/databaseAccounts/sqlDatabases/containers/*",
                            "Microsoft.DocumentDB/databaseAccounts/sqlDatabases/containers/items/*"
                        ],
                        "notDataActions": []
                    }
                ]
            }
        },
        {
            "type": "Microsoft.DocumentDB/databaseAccounts/tableRoleDefinitions",
            "apiVersion": "2025-05-01-preview",
            "name": "[concat(parameters('databaseAccounts_cosmosdbinstance12_name'), '/00000000-0000-0000-0000-000000000001')]",
            "dependsOn": [
                "[resourceId('Microsoft.DocumentDB/databaseAccounts', parameters('databaseAccounts_cosmosdbinstance12_name'))]"
            ],
            "properties": {
                "roleName": "Cosmos DB Built-in Data Reader",
                "type": "BuiltInRole",
                "assignableScopes": [
                    "[resourceId('Microsoft.DocumentDB/databaseAccounts', parameters('databaseAccounts_cosmosdbinstance12_name'))]"
                ],
                "permissions": [
                    {
                        "dataActions": [
                            "Microsoft.DocumentDB/databaseAccounts/readMetadata",
                            "Microsoft.DocumentDB/databaseAccounts/tables/containers/executeQuery",
                            "Microsoft.DocumentDB/databaseAccounts/tables/containers/readChangeFeed",
                            "Microsoft.DocumentDB/databaseAccounts/tables/containers/entities/read"
                        ],
                        "notDataActions": []
                    }
                ]
            }
        },
        {
            "type": "Microsoft.DocumentDB/databaseAccounts/tableRoleDefinitions",
            "apiVersion": "2025-05-01-preview",
            "name": "[concat(parameters('databaseAccounts_cosmosdbinstance12_name'), '/00000000-0000-0000-0000-000000000002')]",
            "dependsOn": [
                "[resourceId('Microsoft.DocumentDB/databaseAccounts', parameters('databaseAccounts_cosmosdbinstance12_name'))]"
            ],
            "properties": {
                "roleName": "Cosmos DB Built-in Data Contributor",
                "type": "BuiltInRole",
                "assignableScopes": [
                    "[resourceId('Microsoft.DocumentDB/databaseAccounts', parameters('databaseAccounts_cosmosdbinstance12_name'))]"
                ],
                "permissions": [
                    {
                        "dataActions": [
                            "Microsoft.DocumentDB/databaseAccounts/readMetadata",
                            "Microsoft.DocumentDB/databaseAccounts/tables/*",
                            "Microsoft.DocumentDB/databaseAccounts/tables/containers/*",
                            "Microsoft.DocumentDB/databaseAccounts/tables/containers/entities/*"
                        ],
                        "notDataActions": []
                    }
                ]
            }
        }
    ]
}